ring,kind,order,node,role,peyto_router
MAH4P01A04,ring,0,PUN_TNGMH_SGT_P_E56863,NE,
MAH4P01A04,ring,1,PUN_TNGMH_SGT_P_E51025,PRI-GTW,PEYTO#1-PUN
MAH4P01A04,ring,2,PUN_TNGMH_SMT_P_E50461,NE,
MAH4P01A04,ring,3,RGD_TNGMH_MAP_P_E50462,NE,
MAH4P01A04,ring,4,MAH_BCLMH_KTE_P_E51098,NE,
MAH4P01A04,ring,5,PEN_TNGMH_AGM_P_E88863,NE,
MAH4P01A04,ring,6,PEN_TNGMH_AGM_P_E51097,SEC-GTW,PEYTO#2-PEN
MAH4P01A04,ring,7,BCLMH_BAM_P_E51187,NE,
MAH4P01A04,ring,8,NGT_TNGMH_OIC_P_E51096,NE,
MAH4P01A04,ring,9,MHA_TNGMH_KPK_P_E51094,NE,
MAH4P01A04,ring,10,INP_BCLMH_MHT_P_E51095,NE,
MAH4P01A04,ring,11,KED_TNGMH_NBE_P_E51093,NE,
MAH4P01A04,ring,12,CIL_BCLMH_LTG_P_E51092,NE,
MAH4P01A04,ring,13,CIN_TNGMH_SVD_P_E51091,NE,
MAH4P01A04,ring,14,HTK_TNGMH_HTV_P_E51265,NE,
MAH4P01A04,ring,15,KPR_BCLMH_NGC_P_E51263,NE,
MAH4P01A04,ring,16,KPR_BCLMH_NGC_P_E53928,NE,
MAH4P01A04,ring,17,PAS_BCLMH_PAT_P_E97269,NE,
MAH4P01A04,ring,18,SAN_TNGMH_MRD_P_E51066,NE,
MAH4P01A04,ring,19,SAT_TNGMH_KRD_P_E51829,NE,
MAH4P01A04,ring,20,SAT_TNGMH_SBZ_P_E53892,NE,
MAH4P01A04,ring,21,LND_TNGMH_LND_P_E51027,NE,
MAH4P01A04,ring,22,LMH_TNGMH_NSS_P_E51026,NE,
APM4P36C02,ring,0,BLI_TNGMH_BNR_P_E51869,NE,
APM4P36C02,ring,1,NND_TNGMH_HTN_P_E56281,PRI-GTW,PEYTO#1-NND
APM4P36C02,ring,2,CHA_TNGMH_SMR_P_E51329,NE,
APM4P36C02,ring,3,BPR_BCLMH_BUS_P_E51865,NE,
APM4P36C02,ring,4,CLH_BCLMH_DTC_P_E53874,NE,
APM4P36C02,ring,5,RJR_BCLMH_NCK_P_E86078,NE,
APM4P36C02,ring,6,RJR_BCLMH_DRH_P_E94391,NE,
APM4P36C02,ring,7,AWP_BCLAP_UCG_P_E54419,NE,
APM4P36C02,ring,8,ADL_BCLAP_NCK_P_E54420,NE,
APM4P36C02,ring,9,MVF_BCLAP_VML_P_E55007,NE,
APM4P36C02,ring,10,NED_TNGAP_DAD_P_E54415,NE,
APM4P36C02,ring,11,NML_BCLAP_SUT_P_E54416,NE,
APM4P36C02,ring,12,DWP_BCLAP_MDL_P_E55021,NE,
APM4P36C02,ring,13,BNN_BCLAP_MCY_P_E54793,NE,
APM4P36C02,ring,14,MCQ_BCLAP_MRY_P_E54699,NE,
APM4P36C02,ring,15,NEQ_BCLAP_NVM_P_E55020,SEC-GTW,PEYTO#2-NEQ
APM4P36C02,ring,16,YDA_BCLAP_YOE_P_E82678,NE,
APM4P36C02,ring,17,BON_BCLAP_NAC_P_E57208,NE,
APM4P36C02,ring,18,BLI_BCLMH_KBK_P_E90136,NE,
MAH4P02B11,linear,0,NSK_TNGMH_CBS_P_E61201,PRI-GTW,PEYTO#1-NSK
MAH4P02B11,linear,1,NSK_BCLMH_DWK_P_E61202,NE,
MAH4P02B11,linear,2,NSK_BCLMH_PNC_P_E61203,NE,
MAH4P02B11,linear,3,NSK_TNGMH_GNG_P_E61204,NE,
MAH4P02B11,linear,4,NSK_BCLMH_SPR_P_E61205,NE,
