ring,node_a,node_b,link_type,status,alarm
MAH4P01A04,PUN_TNGMH_SGT_P_E56863,PUN_TNGMH_SGT_P_E51025,RING,OK,
MAH4P01A04,PUN_TNGMH_SGT_P_E51025,PUN_TNGMH_SMT_P_E50461,RING,OK,
MAH4P01A04,PUN_TNGMH_SMT_P_E50461,RGD_TNGMH_MAP_P_E50462,RING,OK,
MAH4P01A04,RGD_TNGMH_MAP_P_E50462,MAH_BCLMH_KTE_P_E51098,RING,OK,
MAH4P01A04,MAH_BCLMH_KTE_P_E51098,PEN_TNGMH_AGM_P_E88863,RING,OK,
MAH4P01A04,PEN_TNGMH_AGM_P_E88863,PEN_TNGMH_AGM_P_E51097,RING,OK,
MAH4P01A04,PEN_TNGMH_AGM_P_E51097,BCLMH_BAM_P_E51187,RING,OK,
MAH4P01A04,BCLMH_BAM_P_E51187,NGT_TNGMH_OIC_P_E51096,RING,OK,
MAH4P01A04,NGT_TNGMH_OIC_P_E51096,MHA_TNGMH_KPK_P_E51094,RING,OK,
MAH4P01A04,MHA_TNGMH_KPK_P_E51094,INP_BCLMH_MHT_P_E51095,RING,OK,
MAH4P01A04,INP_BCLMH_MHT_P_E51095,KED_TNGMH_NBE_P_E51093,RING,OK,
MAH4P01A04,KED_TNGMH_NBE_P_E51093,CIL_BCLMH_LTG_P_E51092,RING,OK,
MAH4P01A04,CIL_BCLMH_LTG_P_E51092,CIN_TNGMH_SVD_P_E51091,RING,OK,
MAH4P01A04,CIN_TNGMH_SVD_P_E51091,HTK_TNGMH_HTV_P_E51265,RING,OK,
MAH4P01A04,HTK_TNGMH_HTV_P_E51265,KPR_BCLMH_NGC_P_E51263,RING,OK,
MAH4P01A04,KPR_BCLMH_NGC_P_E51263,KPR_BCLMH_NGC_P_E53928,RING,OK,
MAH4P01A04,KPR_BCLMH_NGC_P_E53928,PAS_BCLMH_PAT_P_E97269,RING,OK,
MAH4P01A04,PAS_BCLMH_PAT_P_E97269,SAN_TNGMH_MRD_P_E51066,RING,OK,
MAH4P01A04,SAN_TNGMH_MRD_P_E51066,SAT_TNGMH_KRD_P_E51829,RING,OK,
MAH4P01A04,SAT_TNGMH_KRD_P_E51829,SAT_TNGMH_SBZ_P_E53892,RING,OK,
MAH4P01A04,SAT_TNGMH_SBZ_P_E53892,LND_TNGMH_LND_P_E51027,RING,OK,
MAH4P01A04,LND_TNGMH_LND_P_E51027,LMH_TNGMH_NSS_P_E51026,RING,OK,
MAH4P01A04,LMH_TNGMH_NSS_P_E51026,PUN_TNGMH_SGT_P_E56863,RING,OK,
MAH4P01A04,PUN_TNGMH_SGT_P_E51025,PEYTO#1-PUN,B2B-NNI,OK,
MAH4P01A04,PEN_TNGMH_AGM_P_E51097,PEYTO#2-PEN,B2B-NNI,OK,
APM4P36C02,BLI_TNGMH_BNR_P_E51869,NND_TNGMH_HTN_P_E56281,RING,OK,
APM4P36C02,NND_TNGMH_HTN_P_E56281,CHA_TNGMH_SMR_P_E51329,RING,OK,
APM4P36C02,CHA_TNGMH_SMR_P_E51329,BPR_BCLMH_BUS_P_E51865,RING,OK,
APM4P36C02,BPR_BCLMH_BUS_P_E51865,CLH_BCLMH_DTC_P_E53874,RING,OK,
APM4P36C02,CLH_BCLMH_DTC_P_E53874,RJR_BCLMH_NCK_P_E86078,RING,OK,
APM4P36C02,RJR_BCLMH_NCK_P_E86078,RJR_BCLMH_DRH_P_E94391,RING,OK,
APM4P36C02,RJR_BCLMH_DRH_P_E94391,AWP_BCLAP_UCG_P_E54419,RING,OK,
APM4P36C02,AWP_BCLAP_UCG_P_E54419,ADL_BCLAP_NCK_P_E54420,RING,OK,
APM4P36C02,ADL_BCLAP_NCK_P_E54420,MVF_BCLAP_VML_P_E55007,RING,OK,
APM4P36C02,MVF_BCLAP_VML_P_E55007,NED_TNGAP_DAD_P_E54415,RING,OK,
APM4P36C02,NED_TNGAP_DAD_P_E54415,NML_BCLAP_SUT_P_E54416,RING,ALARM,LOS (Critical)
APM4P36C02,NML_BCLAP_SUT_P_E54416,DWP_BCLAP_MDL_P_E55021,RING,OK,
APM4P36C02,DWP_BCLAP_MDL_P_E55021,BNN_BCLAP_MCY_P_E54793,RING,ALARM,LOF (Major)
APM4P36C02,BNN_BCLAP_MCY_P_E54793,MCQ_BCLAP_MRY_P_E54699,RING,OK,
APM4P36C02,MCQ_BCLAP_MRY_P_E54699,NEQ_BCLAP_NVM_P_E55020,RING,OK,
APM4P36C02,NEQ_BCLAP_NVM_P_E55020,YDA_BCLAP_YOE_P_E82678,RING,OK,
APM4P36C02,YDA_BCLAP_YOE_P_E82678,BON_BCLAP_NAC_P_E57208,RING,OK,
APM4P36C02,BON_BCLAP_NAC_P_E57208,BLI_BCLMH_KBK_P_E90136,RING,OK,
APM4P36C02,BLI_BCLMH_KBK_P_E90136,BLI_TNGMH_BNR_P_E51869,RING,OK,
APM4P36C02,NND_TNGMH_HTN_P_E56281,PEYTO#1-NND,B2B-NNI,OK,
APM4P36C02,NEQ_BCLAP_NVM_P_E55020,PEYTO#2-NEQ,B2B-NNI,OK,
MAH4P02B11,NSK_TNGMH_CBS_P_E61201,NSK_BCLMH_DWK_P_E61202,RING,OK,
MAH4P02B11,NSK_BCLMH_DWK_P_E61202,NSK_BCLMH_PNC_P_E61203,RING,OK,
MAH4P02B11,NSK_BCLMH_PNC_P_E61203,NSK_TNGMH_GNG_P_E61204,RING,OK,
MAH4P02B11,NSK_TNGMH_GNG_P_E61204,NSK_BCLMH_SPR_P_E61205,RING,OK,
MAH4P02B11,NSK_TNGMH_CBS_P_E61201,PEYTO#1-NSK,B2B-NNI,OK,
