lsi,ckt_id,service_type,ring,customer_mux,bsc_leaf,bsc_root,root_ports,signaling_enabled
4398937,SIFY-T1843438,P2MP,MAH4P01A04,CIL_BCLMH_LTG_P_E51092,50MB,1GE,2,Y
4398937,SIFY-T1843438_Peyto,P2MP,MAH4P01A04,CIL_BCLMH_LTG_P_E51092,50MB,1GE,2,Y
4401276,STLZ-T150102-Live,P2MP,MAH4P01A04,MHA_TNGMH_KPK_P_E51094,50MB,1GE,1,Y
4412058,ITP-T1645065_ENK_ODU,P2P,MAH4P01A04,SAT_TNGMH_KRD_P_E51829,50MB,1GE,1,Y
4423711,NOVA-T1712290,P2MP,APM4P36C02,YDA_BCLAP_YOE_P_E82678,50MB,1GE,2,Y
4430985,ORBT-T1698842,P2MP,APM4P36C02,ADL_BCLAP_NCK_P_E54420,50MB,1GE,2,Y
4447120,KRNX-T1733105,P2MP,APM4P36C02,DWP_BCLAP_MDL_P_E55021,50MB,1GE,1,Y
4452288,VYOM-T1740021,P2MP,MAH4P02B11,NSK_BCLMH_PNC_P_E61203,50MB,1GE,1,Y
4469031,ZEPH-T1755310,P2MP,MAH4P01A04,PAS_BCLMH_PAT_P_E97269,50MB,1GE,5,Y
4481902,TARA-T1761188,P2MP,APM4P36C02,BON_BCLAP_NAC_P_E57208,100MB,1GE,2,N
4492317,SIFY-T1860021,P2MP,MAH4P01A04,CIN_TNGMH_SVD_P_E51091,50MB,1GE,2,Y
